XeroKeySupply,XeroKeySupplyAndInstall,Supplier,Brand Name,Product Name,Application,R-Value,Thickness (mm),Length (mm),Width (mm),Coverage/Unit ,Coverage Unit,Unit,Pack Unit,Pieces/Unit,Units/pack,Coverage/pack,Density (kg/m³),Cost/Coverage Unit,Cost/Unit,Cost/Pack,S Cost/Unit,S+I Timber/Coverage Unit,S+I Steel/Coverage Unit,Retrofit (existing ceiling) S+I/Coverage Unit,Subfloor S+I/Coverage Unit,Retrofit (Subfloor) S+I/Coverage Unit,Notes,Keywords
,,PGF,Ecowool,Thermal Ceiling & Floor Batt,Bulk Insulation,R7.0,285,1160,580,3.36,m²,Bag,Bale,5,8,26.88,13.5,14.15,47.58,,71,25,26,32,,,5 pcs/pack,"Bulk Insulation, PGF, Ecowool, Batt, Bulk,Ceiling, Floor, Retrofit"
,,PGF,Ecowool,Thermal Ceiling & Floor Batt,Bulk Insulation,R7.0,285,1160,430,2.49,m²,Bag,Bale,5,8,19.92,13.5,14.15,35.28,,53,25,26,32,,,5 pcs/pack,"Bulk Insulation, PGF, Ecowool, Batt, Bulk,Ceiling, Floor, Retrofit"
,,PGF,Ecowool,Thermal Ceiling & Floor Batt,Bulk Insulation,R6.0,278,1160,580,4.71,m²,Bag,Bale,7,8,37.68,9,9.33,43.93,,66,15.3,16.3,26,,,7 pcs/pack,"Bulk Insulation, PGF, Ecowool, Batt, Bulk,Ceiling, Floor, Retrofit"
,,PGF,Ecowool,Thermal Ceiling & Floor Batt,Bulk Insulation,R6.0,278,1160,430,2.99,m²,Bag,Bale,6,8,23.92,9,9.33,27.92,,42,15.3,16.3,26,,,6 pcs/pack,"Bulk Insulation, PGF, Ecowool, Batt, Bulk,Ceiling, Floor, Retrofit"
,,PGF,Ecowool,Thermal Ceiling & Floor Batt,Bulk Insulation,R5.0,230,1160,580,5.38,m²,Bag,Bale,8,8,43.04,9.5,8.06,43.36,,65,13.9,14.9,22,,,8 pcs/pack,"Bulk Insulation, PGF, Ecowool, Batt, Bulk,Ceiling, Floor, Retrofit"
,,PGF,Ecowool,Thermal Ceiling & Floor Batt,Bulk Insulation,R5.0,230,1160,430,3.99,m²,Bag,Bale,8,8,31.92,9.5,8.06,32.15,,48,13.9,14.9,22,,,8 pcs/pack,"Bulk Insulation, PGF, Ecowool, Batt, Bulk,Ceiling, Floor, Retrofit"
,,PGF,Ecowool,Thermal Ceiling & Floor Batt,Bulk Insulation,R4.1,195,1160,580,7.4,m²,Bag,Bale,11,8,59.2,8.5,5.89,43.62,,65,11.1,12.1,18,20,33,11 pcs/pack,"Bulk Insulation, PGF, Ecowool, Batt, Bulk,Ceiling, Floor, Subfloor, Underfloor, Retrofit"
,,PGF,Ecowool,Thermal Ceiling & Floor Batt,Bulk Insulation,R4.1,195,1160,430,5.99,m²,Bag,Bale,12,8,47.92,8.5,5.89,35.28,,53,11.1,12.1,18,20,33,12 pcs/pack,"Bulk Insulation, PGF, Ecowool, Batt, Bulk,Ceiling, Floor, Subfloor, Underfloor, Retrofit"
,,PGF,Ecowool,Thermal Ceiling & Floor Batt,Bulk Insulation,R3.5,165,1160,580,8.07,m²,Bag,Bale,12,8,64.56,8.5,4.92,39.72,,59,10,11,17,18.5,29,12 pcs/pack,"Bulk Insulation, PGF, Ecowool, Batt, Bulk,Ceiling, Floor, Subfloor, Underfloor, Retrofit"
,,PGF,Ecowool,Thermal Ceiling & Floor Batt,Bulk Insulation,R3.5,165,1160,430,6.98,m²,Bag,Bale,14,8,55.84,8.5,4.92,34.36,,52,10,11,17,18.5,29,14 pcs/pack,"Bulk Insulation, PGF, Ecowool, Batt, Bulk,Ceiling, Floor, Subfloor, Underfloor, Retrofit"
,,PGF,Ecowool,Thermal Ceiling & Floor Batt,Bulk Insulation,R3.0,145,1160,580,10.09,m²,Bag,Bale,15,8,80.72,8.5,4.28,43.24,,64,9.5,10.5,16,17.5,28,15 pcs/pack,"Bulk Insulation, PGF, Ecowool, Batt, Bulk,Ceiling, Floor, Subfloor, Underfloor, Retrofit"
,,PGF,Ecowool,Thermal Ceiling & Floor Batt,Bulk Insulation,R3.0,145,1160,430,9.48,m²,Bag,Bale,19,8,75.84,8.5,4.28,40.61,,60,9.5,10.5,16,17.5,28,19 pcs/pack,"Bulk Insulation, PGF, Ecowool, Batt, Bulk,Ceiling, Floor, Subfloor, Underfloor, Retrofit"
,,PGF,Ecowool,Thermal Ceiling & Floor Batt,Bulk Insulation,R2.5,120,1160,580,12.78,m²,Bag,Bale,19,8,102.24,8.5,3.76,48.09,,72,9,10,15,16.5,26,19 pcs/pack,"Bulk Insulation, PGF, Ecowool, Batt, Bulk,Ceiling, Floor, Subfloor, Underfloor, Retrofit"
,,PGF,Ecowool,Thermal Ceiling & Floor Batt,Bulk Insulation,R2.5,120,1160,430,9.48,m²,Bag,Bale,19,8,75.84,8.5,3.76,35.65,,53,9,10,15,16.5,26,19 pcs/pack,"Bulk Insulation, PGF, Ecowool, Batt, Bulk,Ceiling, Floor, Subfloor, Underfloor, Retrofit"
,,PGF,Ecowool,Thermal Ceiling & Floor Batt,Bulk Insulation,R2.0,90,1160,580,14.13,m²,Bag,Bale,21,8,113.04,10,3.15,44.46,,66,8,9,,15.5,24,21 pcs/pack,"Bulk Insulation, PGF, Ecowool, Batt, Bulk,Ceiling, Floor, Wall, Subfloor, Underfloor, Retrofit"
,,PGF,Ecowool,Thermal Ceiling & Floor Batt,Bulk Insulation,R2.0,90,1160,430,10.47,m²,Bag,Bale,21,8,83.76,10,3.15,32.96,,49,8,9,,15.5,24,21 pcs/pack,"Bulk Insulation, PGF, Ecowool, Batt, Bulk,Ceiling, Floor, Wall, Subfloor, Underfloor, Retrofit"
,,PGF,Ecowool,Acoustic Floor & Wall Batt,Bulk Insulation,R3.1NB,110,1160,430,3.5,m²,Bag,Bale,7,8,28,24,13.48,63.48,,70,23,24,,,,Acoustic,"Bulk Insulation, PGF, Ecowool, Batt, Bulk,Ceiling, Floor, Wall, Acoustic, HD"
,,PGF,Ecowool,Acoustic Floor & Wall Batt,Bulk Insulation,R3.1NB,110,1160,580,4.69,m²,Bag,Bale,7,8,37.52,24,13.48,47.06,,95,23,24,,,,Acoustic,"Bulk Insulation, PGF, Ecowool, Batt, Bulk,Ceiling, Floor, Wall, Acoustic, HD"
,,PGF,Ecowool,Acoustic Floor & Wall Batt,Bulk Insulation,R2.7NB,90,1160,430,4,m²,Bag,Bale,7,8,32,32,10.81,50.93,,65,16.9,17.9,,,,"Acoustic, HD","Bulk Insulation, PGF, Ecowool, Batt, Bulk,Ceiling, Floor, Wall, Acoustic, HD"
,,PGF,Ecowool,Acoustic Floor & Wall Batt,Bulk Insulation,R2.7NB,90,1160,580,4.69,m²,Bag,Bale,8,8,37.52,32,10.81,43.15,,76,16.9,17.9,,,,"Acoustic, HD","Bulk Insulation, PGF, Ecowool, Batt, Bulk,Ceiling, Floor, Wall, Acoustic, HD"
,,PGF,Ecowool,Acoustic Floor & Wall Batt,Bulk Insulation,R2.5HD,90,1160,580,7.4,m²,Bag,Bale,11,8,59.2,20,6.1,45.14,,68,11.1,12.1,,,,High Density,"Bulk Insulation, PGF, Ecowool, Batt, Bulk,Ceiling, Floor, Wall, Acoustic, HD"
,,PGF,Ecowool,Acoustic Floor & Wall Batt,Bulk Insulation,R2.5HD,90,1160,430,9.98,m²,Bag,Bale,11,8,79.84,20,6.1,33.46,,50,11.1,12.1,,,,High Density,"Bulk Insulation, PGF, Ecowool, Batt, Bulk,Ceiling, Floor, Wall, Acoustic, HD"
,,PGF,Ecowool,Acoustic Floor & Wall Batt,Bulk Insulation,R2.5NB,90,1160,430,4.5,m²,Bag,Bale,9,8,36,24,10.15,61.45,,,,,,,,Acoustic,"Bulk Insulation, PGF, Ecowool, Batt, Bulk,Ceiling, Floor, Wall, Acoustic, HD"
,,PGF,Ecowool,Acoustic Floor & Wall Batt,Bulk Insulation,R2.5NB,90,1160,580,6.03,m²,Bag,Bale,9,8,48.24,24,10.15,45.55,,,,,,,,Acoustic,"Bulk Insulation, PGF, Ecowool, Batt, Bulk,Ceiling, Floor, Wall, Acoustic, HD"
,,PGF,Ecowool,Acoustic Floor & Wall Batt,Bulk Insulation,R2.0HD,75,1160,580,9.42,m²,Bag,Bale,14,8,75.36,16,4.53,42.67,,64,10,11,,,,High Density,"Bulk Insulation, PGF, Ecowool, Batt, Bulk,Ceiling, Floor, Wall, Acoustic, HD"
,,PGF,Ecowool,Acoustic Floor & Wall Batt,Bulk Insulation,R2.0HD,75,1160,430,9.98,m²,Bag,Bale,20,8,79.84,16,4.53,45.2,,68,10,11,,,,High Density,"Bulk Insulation, PGF, Ecowool, Batt, Bulk,Ceiling, Floor, Wall, Acoustic, HD"
,,PGF,Ecowool,Acoustic Floor & Wall Batt,Bulk Insulation,R2.0NB,70,1160,430,5,m²,Bag,Bale,10,8,40,24,8.13,54.69,,,14,15,,,,Acoustic,"Bulk Insulation, PGF, Ecowool, Batt, Bulk, Floor, Wall, Acoustic, HD, Partition"
,,PGF,Ecowool,Acoustic Floor & Wall Batt,Bulk Insulation,R2.0NB,70,1160,580,6.7,m²,Bag,Bale,10,8,53.6,24,8.13,40.54,,,14,15,,,,Acoustic,"Bulk Insulation, PGF, Ecowool, Batt, Bulk, Floor, Wall, Acoustic, HD, Partition"
,,PGF,Ecowool,Acoustic Partition Batt,Bulk Insulation,R3.0,100,1200,450,2.7,m²,Bag,Bale,5,8,21.6,32,13.67,36.92,,,,,,,,"Acoustic, HD","Bulk Insulation, PGF, Ecowool, Batt, Bulk, Floor, Wall, Acoustic, HD, Partition"
,,PGF,Ecowool,Acoustic Partition Batt,Bulk Insulation,R3.0,100,1200,600,3.6,m²,Bag,Bale,5,8,28.8,32,13.67,49.22,,,,,,,,"Acoustic, HD","Bulk Insulation, PGF, Ecowool, Batt, Bulk, Floor, Wall, Acoustic, HD, Partition"
,,PGF,Ecowool,Acoustic Partition Batt,Bulk Insulation,R2.7,90,1200,450,3.24,m²,Bag,Bale,6,8,25.92,32,11.61,37.63,,,,,,,,"Acoustic, HD","Bulk Insulation, PGF, Ecowool, Batt, Bulk, Floor, Wall, Acoustic, HD, Partition"
,,PGF,Ecowool,Acoustic Partition Batt,Bulk Insulation,R2.7,90,1200,600,4.32,m²,Bag,Bale,6,8,34.56,32,11.61,50.17,,,,,,,,"Acoustic, HD","Bulk Insulation, PGF, Ecowool, Batt, Bulk, Floor, Wall, Acoustic, HD, Partition"
,,PGF,Ecowool,Acoustic Partition Batt,Bulk Insulation,R2.6,90,1200,450,4.32,m²,Bag,Bale,8,8,34.56,24,9.29,40.12,,,,,,,,Acoustic,"Bulk Insulation, PGF, Ecowool, Batt, Bulk, Floor, Wall, Acoustic, HD, Partition"
,,PGF,Ecowool,Acoustic Partition Batt,Bulk Insulation,R2.6,90,1200,600,5.76,m²,Bag,Bale,8,8,46.08,24,9.29,53.49,,,,,,,,Acoustic,"Bulk Insulation, PGF, Ecowool, Batt, Bulk, Floor, Wall, Acoustic, HD, Partition"
,,PGF,Ecowool,Acoustic Partition Batt,Bulk Insulation,R2.5,110,1200,600,10.08,m²,Bag,Bale,14,8,80.64,14,5.18,52.18,,,,,,,,Acoustic,"Bulk Insulation, PGF, Ecowool, Batt, Bulk, Floor, Wall, Acoustic, HD, Partition"
,,PGF,Ecowool,Acoustic Partition Batt,Bulk Insulation,R2.2,90,1200,450,6.48,m²,Bag,Bale,12,8,51.84,14,5.49,35.6,,,,,,,,Acoustic,"Bulk Insulation, PGF, Ecowool, Batt, Bulk, Floor, Wall, Acoustic, HD, Partition"
,,PGF,Ecowool,Acoustic Partition Batt,Bulk Insulation,R2.2,90,1200,600,8.64,m²,Bag,Bale,12,8,69.12,14,5.49,47.47,,,,,,,,Acoustic,"Bulk Insulation, PGF, Ecowool, Batt, Bulk, Floor, Wall, Acoustic, HD, Partition"
,,PGF,Ecowool,Acoustic Partition Batt,Bulk Insulation,R2.2,75,1200,600,5.04,m²,Bag,Bale,7,8,40.32,32,10.14,51.09,,,,,,,,"Acoustic, HD","Bulk Insulation, PGF, Ecowool, Batt, Bulk, Floor, Wall, Acoustic, HD, Partition"
,,PGF,Ecowool,Acoustic Partition Batt,Bulk Insulation,R2.1,90,1200,450,8.64,m²,Bag,Bale,16,8,69.12,16,4.75,41,,,,,,,,Acoustic,"Bulk Insulation, PGF, Ecowool, Batt, Bulk, Floor, Wall, Acoustic, HD, Partition"
,,PGF,Ecowool,Acoustic Partition Batt,Bulk Insulation,R2.1,90,1200,600,11.52,m²,Bag,Bale,16,8,92.16,16,4.75,54.67,,,,,,,,Acoustic,"Bulk Insulation, PGF, Ecowool, Batt, Bulk, Floor, Wall, Acoustic, HD, Partition"
,,PGF,Ecowool,Acoustic Partition Batt,Bulk Insulation,R2.1,75,1200,450,6.48,m²,Bag,Bale,9,8,51.84,24,7.92,51.34,,,,,,,,Acoustic,"Bulk Insulation, PGF, Ecowool, Batt, Bulk, Floor, Wall, Acoustic, HD, Partition"
,,PGF,Ecowool,Acoustic Partition Batt,Bulk Insulation,R1.9,75,1200,450,8.1,m²,Bag,Bale,15,8,64.8,14,4.2,34.04,,,,,,,,Acoustic,"Bulk Insulation, PGF, Ecowool, Batt, Bulk, Floor, Wall, Acoustic, HD, Partition"
,,PGF,Ecowool,Acoustic Partition Batt,Bulk Insulation,R1.9,75,1200,600,10.8,m²,Bag,Bale,15,8,86.4,14,4.2,45.39,,,,,,,,Acoustic,"Bulk Insulation, PGF, Ecowool, Batt, Bulk, Floor, Wall, Acoustic, HD, Partition"
,,PGF,Ecowool,Acoustic Partition Batt,Bulk Insulation,R1.8,75,1200,450,10.8,m²,Bag,Bale,20,8,86.4,11,3.38,36.53,,,,,,,,Acoustic,"Bulk Insulation, PGF, Ecowool, Batt, Bulk, Floor, Wall, Acoustic, HD, Partition"
,,PGF,Ecowool,Acoustic Partition Batt,Bulk Insulation,R1.8,75,1200,600,14.4,m²,Bag,Bale,20,8,115.2,11,3.38,48.71,,,,,,,,Acoustic,"Bulk Insulation, PGF, Ecowool, Batt, Bulk, Floor, Wall, Acoustic, HD, Partition"
,,PGF,Ecowool,Acoustic Partition Batt,Bulk Insulation,R1.5,50,1200,450,7.2,m²,Bag,Bale,10,8,57.6,32,7.39,53.21,,,,,,,,"Acoustic, HD","Bulk Insulation, PGF, Ecowool, Batt, Bulk, Floor, Wall, Acoustic, HD, Partition"
,,PGF,Ecowool,Acoustic Partition Batt,Bulk Insulation,R1.4,50,1200,450,7.02,m²,Bag,Bale,13,8,56.16,24,5.43,38.14,,,,,,,,Acoustic,"Bulk Insulation, PGF, Ecowool, Batt, Bulk, Floor, Wall, Acoustic, HD, Partition"
,,PGF,Ecowool,Acoustic Partition Batt,Bulk Insulation,R1.4,50,1200,600,9.36,m²,Bag,Bale,13,8,74.88,24,5.43,50.85,,,,,,,,Acoustic,"Bulk Insulation, PGF, Ecowool, Batt, Bulk, Floor, Wall, Acoustic, HD, Partition"
,,PGF,Ecowool,Acoustic Partition Batt,Bulk Insulation,R1.3,50,1200,450,11.88,m²,Bag,Bale,22,8,95.04,14,3.16,37.51,,,10,11,,,,Acoustic,"Bulk Insulation, PGF, Ecowool, Batt, Bulk, Floor, Wall, Acoustic, HD, Partition"
,,PGF,Ecowool,Acoustic Partition Batt,Bulk Insulation,R1.3,50,1200,600,15.84,m²,Bag,Bale,22,8,126.72,14,3.16,50.01,,,10,11,,,,Acoustic,"Bulk Insulation, PGF, Ecowool, Batt, Bulk, Floor, Wall, Acoustic, HD, Partition"
,,PGF,Ecowool,Acoustic Partition Batt,Bulk Insulation,R1.2,50,1200,450,15.12,m²,Bag,Bale,28,8,120.96,11,2.53,38.28,,,,,,,,Acoustic,"Bulk Insulation, PGF, Ecowool, Batt, Bulk, Floor, Wall, Acoustic, HD, Partition"
,,PGF,Ecowool,Acoustic Partition Batt,Bulk Insulation,R1.2,50,1200,600,20.16,m²,Bag,Bale,28,8,161.28,11,2.53,51.04,,,,,,,,Acoustic,"Bulk Insulation, PGF, Ecowool, Batt, Bulk, Floor, Wall, Acoustic, HD, Partition"
,,PGF,Ecowool,Acoustic Partition Batt,Bulk Insulation,R0.75,25,1200,600,14.4,m²,Bag,Bale,20,8,115.2,32,8.76,126.2,,,,,,,,"Acoustic, HD","Bulk Insulation, PGF, Ecowool, Batt, Bulk, Floor, Wall, Acoustic, HD, Partition"
,,PGF,Ecowool,Acoustic Partition Rolls,Bulk Insulation,R0.7,25,18900,1200,22.68,m²,Roll,Bale,1,7,158.76,24,3,68.04,,,,,,,,Acoustic,"Bulk Insulation, PGF, Ecowool, Batt, Bulk, Floor, Wall, Acoustic, HD, Partition"
,,Battmans,Earthwool,Thermal Ceiling & Floor Batt,Bulk Insulation,R8.0,350,1160,460,3.74,m²,Bag,Bale,7,4,14.96,,,,,,30,31,,,,,"Bulk Insulation, Battmans, Earthwool, Batt, Bulk,Ceiling, Floor"
,,Battmans,Earthwool,Thermal Ceiling & Floor Batt,Bulk Insulation,R8.0,350,1160,620,5.03,m²,Bag,Bale,7,4,20.12,,,,,,30,31,,,,,"Bulk Insulation, Battmans, Earthwool, Batt, Bulk,Ceiling, Floor"
,,Battmans,Earthwool,Thermal Ceiling & Floor Batt,Bulk Insulation,R7.0,330,1160,460,4.27,m²,Bag,Bale,8,5,21.35,,13.8,58.93,,77,25,26,,,,8 pcs/pack,"Bulk Insulation, Battmans, Earthwool, Batt, Bulk,Ceiling, Floor"
,,Battmans,Earthwool,Thermal Ceiling & Floor Batt,Bulk Insulation,R7.0,330,1160,620,5.75,m²,Bag,Bale,8,5,28.75,,13.8,79.35,,103,25,26,,,,8 pcs/pack,"Bulk Insulation, Battmans, Earthwool, Batt, Bulk,Ceiling, Floor"
,,Battmans,Earthwool,Thermal Ceiling & Floor Batt,Bulk Insulation,R6.0,275,1160,430,5.49,m²,Bag,Bale,11,5,27.45,,10.89,59.81,,92,18.5,19.5,,,,11 pcs/pack,"Bulk Insulation, Battmans, Earthwool, Batt, Bulk,Ceiling, Floor"
,,Battmans,Earthwool,Thermal Ceiling & Floor Batt,Bulk Insulation,R6.0,275,1160,580,7.4,m²,Bag,Bale,11,5,37,,10.89,80.62,,124,18.5,19.5,,,,11 pcs/pack,"Bulk Insulation, Battmans, Earthwool, Batt, Bulk,Ceiling, Floor"
,,Battmans,Earthwool,Thermal Ceiling & Floor Batt,Bulk Insulation,R5.0,210,1160,430,5.49,m²,Bag,Bale,11,5,27.45,,8.64,47.43,,73,15.1,16.1,,,,11 pcs/pack,"Bulk Insulation, Battmans, Earthwool, Batt, Bulk,Ceiling, Floor"
,,Battmans,Earthwool,Thermal Ceiling & Floor Batt,Bulk Insulation,R5.0,210,1160,580,7.4,m²,Bag,Bale,11,5,37,,8.64,63.94,,99,15.1,16.1,,,,11 pcs/pack,"Bulk Insulation, Battmans, Earthwool, Batt, Bulk,Ceiling, Floor"
,,Battmans,Earthwool,Thermal Ceiling & Floor Batt,Bulk Insulation,R4.0,195,1160,430,7.5,m²,Bag,Bale,15,6,45,,6.15,46.15,,71,11.5,12.5,,,,15 pcs/pack,"Bulk Insulation, Battmans, Earthwool, Batt, Bulk,Ceiling, Floor"
,,Battmans,Earthwool,Thermal Ceiling & Floor Batt,Bulk Insulation,R4.0,195,1160,580,10.1,m²,Bag,Bale,15,5,50.5,,6.15,62.15,,96,11.5,12.5,,,,15 pcs/pack,"Bulk Insulation, Battmans, Earthwool, Batt, Bulk,Ceiling, Floor"
,,Battmans,Earthwool,Thermal Ceiling & Floor Batt,Bulk Insulation,R3.5,175,1160,430,8.48,m²,Bag,Bale,17,6,50.88,,5.45,46.18,,71,10.5,11.5,,,,17 pcs/pack,"Bulk Insulation, Battmans, Earthwool, Batt, Bulk,Ceiling, Floor"
,,Battmans,Earthwool,Thermal Ceiling & Floor Batt,Bulk Insulation,R3.5,175,1160,580,11.4,m²,Bag,Bale,17,5,57,,5.45,62.09,,96,10.5,11.5,,,,17 pcs/pack,"Bulk Insulation, Battmans, Earthwool, Batt, Bulk,Ceiling, Floor"
,,Battmans,Earthwool,Thermal Ceiling & Floor Batt,Bulk Insulation,R2.0,90,1160,430,15.96,m²,Bag,Bale,32,5,79.8,,3.51,56.06,,,,,,,,32 pcs/pack,"Bulk Insulation, Battmans, Earthwool, Batt, Bulk,Ceiling, Floor"
,,Battmans,Earthwool,Thermal Ceiling & Floor Batt,Bulk Insulation,R2.0,90,1160,580,21.53,m²,Bag,Bale,32,4,86.12,,3.51,75.62,,,,,,,,32 pcs/pack,"Bulk Insulation, Battmans, Earthwool, Batt, Bulk,Ceiling, Floor"
,,Battmans,Earthwool,Acoustic Floor & Wall Batt,Bulk Insulation,R4.0SHP,140,1160,430,4.49,m²,Bag,Bale,9,5,22.45,24,12.6,56.57,,94,27,28,,,,"Acoustic, HD","Bulk Insulation, Battmans, Earthwool, Batt, Bulk,Ceiling, Floor, Wall, Acoustic, HD"
,,Battmans,Earthwool,Acoustic Floor & Wall Batt,Bulk Insulation,R4.0SHP,140,1160,580,6.06,m²,Bag,Bale,9,4,24.24,24,12.6,76.35,,126,27,28,,,,"Acoustic, HD","Bulk Insulation, Battmans, Earthwool, Batt, Bulk,Ceiling, Floor, Wall, Acoustic, HD"
,,Battmans,Earthwool,Acoustic Floor & Wall Batt,Bulk Insulation,R2.7SHP,90,1160,430,4.99,m²,Bag,Bale,10,5,24.95,27,10.9,54.4,,90,19,20,,,,"Acoustic, HD","Bulk Insulation, Battmans, Earthwool, Batt, Bulk,Ceiling, Floor, Wall, Acoustic, HD"
,,Battmans,Earthwool,Acoustic Floor & Wall Batt,Bulk Insulation,R2.7SHP,90,1160,580,6.73,m²,Bag,Bale,10,5,33.65,27,10.9,73.38,,121,19,20,,,,"Acoustic, HD","Bulk Insulation, Battmans, Earthwool, Batt, Bulk,Ceiling, Floor, Wall, Acoustic, HD"
,,Battmans,Earthwool,Acoustic Floor & Wall Batt,Bulk Insulation,R2.5HP,90,1160,430,6.98,m²,Bag,Bale,14,5,34.9,20,7.03,49.05,,78,12.3,13.3,,,,"Acoustic, 14 pcs/pack","Bulk Insulation, Battmans, Earthwool, Batt, Bulk, Floor, Wall, Acoustic, HD, Partition"
,,Battmans,Earthwool,Acoustic Floor & Wall Batt,Bulk Insulation,R2.5HP,90,1160,580,9.42,m²,Bag,Bale,14,5,47.1,20,7.03,66.19,,106,12.3,13.3,,,,"Acoustic, 14 pcs/pack","Bulk Insulation, Battmans, Earthwool, Batt, Bulk, Floor, Wall, Acoustic, HD, Partition"
,,Battmans,Earthwool,Acoustic Floor & Wall Batt,Bulk Insulation,R2.0HP,75,1160,430,9.98,m²,Bag,Bale,20,5,49.9,17,5.67,56.62,,91,10.5,11.5,,,,"Acoustic, 20 pcs/pack","Bulk Insulation, Battmans, Earthwool, Batt, Bulk, Floor, Wall, Acoustic, HD, Partition"
,,Battmans,Earthwool,Acoustic Floor & Wall Batt,Bulk Insulation,R2.0HP,75,1160,580,13.46,m²,Bag,Bale,20,4,53.84,17,5.67,76.37,,122,10.5,11.5,,,,"Acoustic, 20 pcs/pack","Bulk Insulation, Battmans, Earthwool, Batt, Bulk, Floor, Wall, Acoustic, HD, Partition"
,,Battmans,Earthwool,Acoustic Partition Batt,Bulk Insulation,R2.2,110,1160,600,13.92,m²,Bag,Bale,20,4,55.68,11,6.13,85.27,,,,,,,,"Acoustic, 20 pcs/pack","Bulk Insulation, Battmans, Earthwool, Batt, Bulk, Floor, Wall, Acoustic, HD, Partition"
,,Battmans,Earthwool,Acoustic Partition Batt,Bulk Insulation,R1.9,75,1160,450,12.53,m²,Bag,Bale,24,5,62.65,14,4.42,55.32,,,,,,,,"Acoustic, 24 pcs/pack","Bulk Insulation, Battmans, Earthwool, Batt, Bulk, Floor, Wall, Acoustic, HD, Partition"
,,Battmans,Earthwool,Acoustic Partition Batt,Bulk Insulation,R1.9,75,1160,600,16.7,m²,Bag,Bale,24,4,66.8,14,4.42,73.73,,,,,,,,"Acoustic, 24 pcs/pack","Bulk Insulation, Battmans, Earthwool, Batt, Bulk, Floor, Wall, Acoustic, HD, Partition"
,,Battmans,Earthwool,Acoustic Partition Batt,Bulk Insulation,R1.3,50,1160,450,19.84,m²,Bag,Bale,38,5,99.2,14,3.13,62.04,,,10.5,11.5,,,,"Acoustic, 38 pcs/pack","Bulk Insulation, Battmans, Earthwool, Batt, Bulk, Floor, Wall, Acoustic, HD, Partition"
,,Battmans,Earthwool,Acoustic Partition Batt,Bulk Insulation,R1.3,50,1160,600,26.45,m²,Bag,Bale,38,4,105.8,14,3.13,82.72,,,10.5,11.5,,,,"Acoustic, 38 pcs/pack","Bulk Insulation, Battmans, Earthwool, Batt, Bulk, Floor, Wall, Acoustic, HD, Partition"
,,Battmans,Earthwool,Acoustic Partition Rolls,Bulk Insulation,R3.0,100,3600,600,4.32,m²,Roll,Pack,2,2,8.64,32,12.49,53.94,,,,,,,,"Partition Roll, HD","Bulk Insulation, Battmans, Earthwool, Batt, Bulk, Floor, Wall, Acoustic, HD, Partition"
,,Battmans,Earthwool,Acoustic Partition Rolls,Bulk Insulation,R2.7,90,4000,450,3.6,m²,Roll,Pack,2,2,7.2,32,11.12,40.03,,,,,,,,"Partition Roll, HD","Bulk Insulation, Battmans, Earthwool, Batt, Bulk, Floor, Wall, Acoustic, HD, Partition"
,,Battmans,Earthwool,Acoustic Partition Rolls,Bulk Insulation,R2.7,90,4000,600,4.8,m²,Roll,Pack,2,2,9.6,32,11.12,53.37,,,,,,,,"Partition Roll, HD","Bulk Insulation, Battmans, Earthwool, Batt, Bulk, Floor, Wall, Acoustic, HD, Partition"
,,Battmans,Earthwool,Acoustic Partition Rolls,Bulk Insulation,R2.5,90,5400,600,6.36,m²,Roll,Pack,2,2,12.72,24,8.23,52.33,,,,,,,,Partition Roll,"Bulk Insulation, Battmans, Earthwool, Batt, Bulk, Floor, Wall, Acoustic, HD, Partition"
,,Battmans,Earthwool,Acoustic Partition Rolls,Bulk Insulation,R2.2,90,11600,600,13.92,m²,Roll,Pack,2,2,27.84,11,4.01,55.86,,,,,,,,"Acoustic, 2 pcs/pack","Bulk Insulation, Battmans, Earthwool, Batt, Bulk, Floor, Wall, Acoustic, HD, Partition"
,,Battmans,Earthwool,Acoustic Partition Rolls,Bulk Insulation,R2.2,90,9100,600,10.92,m²,Roll,Pack,2,2,21.84,14,5.04,55.08,,,,,,,,"Acoustic, 2 pcs/pack","Bulk Insulation, Battmans, Earthwool, Batt, Bulk, Floor, Wall, Acoustic, HD, Partition"
,,Battmans,Earthwool,Acoustic Partition Rolls,Bulk Insulation,R2.2,75,4800,600,5.76,m²,Roll,Pack,2,2,11.52,32,9.23,53.16,,,,,,,,"Partition Roll, HD","Bulk Insulation, Battmans, Earthwool, Batt, Bulk, Floor, Wall, Acoustic, HD, Partition"
,,Battmans,Earthwool,Acoustic Partition Rolls,Bulk Insulation,R2.1,75,6200,600,7.44,m²,Roll,Pack,2,2,14.88,24,7.33,54.56,,,,,,,,Partition Roll,"Bulk Insulation, Battmans, Earthwool, Batt, Bulk, Floor, Wall, Acoustic, HD, Partition"
,,Battmans,Earthwool,Acoustic Partition Rolls,Bulk Insulation,R1.8,75,2700,450,17.01,m²,Roll,Pack,14,5,85.05,11,3.4,57.89,,,,,,,,"Acoustic, 14 pcs/pack","Bulk Insulation, Battmans, Earthwool, Batt, Bulk, Floor, Wall, Acoustic, HD, Partition"
,,Battmans,Earthwool,Acoustic Partition Rolls,Bulk Insulation,R1.8,75,2700,600,22.68,m²,Roll,Pack,14,4,90.72,11,3.4,77.19,,,,,,,,"Acoustic, 14 pcs/pack","Bulk Insulation, Battmans, Earthwool, Batt, Bulk, Floor, Wall, Acoustic, HD, Partition"
,,Battmans,Earthwool,Acoustic Partition Rolls,Bulk Insulation,R1.5,50,7200,600,8.64,m²,Roll,Pack,2,2,17.28,32,6.35,54.89,,,,,,,,"Partition Roll, HD","Bulk Insulation, Battmans, Earthwool, Batt, Bulk, Floor, Wall, Acoustic, HD, Partition"
,,Battmans,Earthwool,Acoustic Partition Rolls,Bulk Insulation,R1.2,50,2700,450,24.3,m²,Roll,Pack,20,5,121.5,11,2.41,58.6,,,,,,,,"Acoustic, 20 pcs/pack","Bulk Insulation, Battmans, Earthwool, Batt, Bulk, Floor, Wall, Acoustic, HD, Partition"
,,Battmans,Earthwool,Acoustic Partition Rolls,Bulk Insulation,R1.2,50,2700,600,32.4,m²,Roll,Pack,20,4,129.6,11,2.41,78.14,,,,,,,,"Acoustic, 20 pcs/pack","Bulk Insulation, Battmans, Earthwool, Batt, Bulk, Floor, Wall, Acoustic, HD, Partition"
,,Battmans,Earthwool,Acoustic Partition Rolls,Bulk Insulation,R0.7,25,18900,600,22.68,m²,Roll,Pack,2,2,45.36,24,3.11,70.54,,,,,,,,Partition Roll,"Bulk Insulation, Battmans, Earthwool, Batt, Bulk, Floor, Wall, Acoustic, HD, Partition"
,,Polyester Solutions,Polyester,Thermal Ceiling & Floor Batt,Bulk Insulation,R4.5,280,1170,430,2.01,m²,Bag,,4,,,,13.5,27.14,,,21,22,,,,4 pcs/pack,"Bulk Insulation, Polyester Solutions, Polyester, Batt, Bulk,Ceiling, Floor"
,,Polyester Solutions,Polyester,Thermal Ceiling & Floor Batt,Bulk Insulation,R4.5,280,1170,580,2.71,m²,Bag,,4,,,,14.37,38.94,,,21,22,,,,4 pcs/pack,"Bulk Insulation, Polyester Solutions, Polyester, Batt, Bulk,Ceiling, Floor"
,,Polyester Solutions,Polyester,Thermal Ceiling & Floor Batt,Bulk Insulation,R4.0,240,1170,430,2.01,m²,Bag,,4,,,,11.74,23.6,,,18,19,,,,4 pcs/pack,"Bulk Insulation, Polyester Solutions, Polyester, Batt, Bulk,Ceiling, Floor"
,,Polyester Solutions,Polyester,Thermal Ceiling & Floor Batt,Bulk Insulation,R4.0,240,1170,580,2.71,m²,Bag,,4,,,,11.75,31.84,,,18,19,,,,4 pcs/pack,"Bulk Insulation, Polyester Solutions, Polyester, Batt, Bulk,Ceiling, Floor"
,,Polyester Solutions,Polyester,Thermal Ceiling & Floor Batt,Bulk Insulation,R3.5,200,1170,430,3.02,m²,Bag,,6,,,,8.6,25.96,,,14.8,15.8,,,,6 pcs/pack,"Bulk Insulation, Polyester Solutions, Polyester, Batt, Bulk,Ceiling, Floor"
,,Polyester Solutions,Polyester,Thermal Ceiling & Floor Batt,Bulk Insulation,R3.5,200,1170,580,4.07,m²,Bag,,6,,,,8.61,35.05,,,14.8,15.8,,,,6 pcs/pack,"Bulk Insulation, Polyester Solutions, Polyester, Batt, Bulk,Ceiling, Floor"
,,Polyester Solutions,Polyester,Thermal Ceiling & Floor Batt,Bulk Insulation,R3.0,185,1170,430,4.02,m²,Bag,,8,,,,6.9,27.73,,,13,14,,,,8 pcs/pack,"Bulk Insulation, Polyester Solutions, Polyester, Batt, Bulk,Ceiling, Floor"
,,Polyester Solutions,Polyester,Thermal Ceiling & Floor Batt,Bulk Insulation,R3.0,185,1170,580,5.43,m²,Bag,,8,,,,6.9,37.45,,,13,14,,,,8 pcs/pack,"Bulk Insulation, Polyester Solutions, Polyester, Batt, Bulk,Ceiling, Floor"
,,Polyester Solutions,Polyester,Thermal Ceiling & Floor Batt,Bulk Insulation,R2.5,165,1170,430,4.02,m²,Bag,,8,,,,6.31,25.37,,,12.4,13.4,,,,8 pcs/pack,"Bulk Insulation, Polyester Solutions, Polyester, Batt, Bulk,Ceiling, Floor"
,,Polyester Solutions,Polyester,Thermal Ceiling & Floor Batt,Bulk Insulation,R2.5,165,1170,580,5.43,m²,Bag,,8,,,,6.31,34.28,,,12.4,13.4,,,,8 pcs/pack,"Bulk Insulation, Polyester Solutions, Polyester, Batt, Bulk,Ceiling, Floor"
,,Polyester Solutions,Polyester,Acoustic Floor & Wall Batt,Bulk Insulation,R2.5,90,1170,430,3.02,m²,Bag,,6,,,28,12.5,37.76,,,18.5,19.5,,,,"Acoustic, HD","Bulk Insulation, Polyester Solutions, Polyester, Batt, Bulk, Floor, Wall, Acoustic, HD"
,,Polyester Solutions,Polyester,Acoustic Floor & Wall Batt,Bulk Insulation,R2.5,90,1170,580,4.07,m²,Bag,,6,,,28,12.51,50.93,,,18.5,19.5,,,,"Acoustic, HD","Bulk Insulation, Polyester Solutions, Polyester, Batt, Bulk, Floor, Wall, Acoustic, HD"
,,Polyester Solutions,Polyester,Acoustic Floor & Wall Batt,Bulk Insulation,R2.0,90,1170,430,4.02,m²,Bag,,8,,,20,9.1,36.58,,,15,16,,,,Acoustic,"Bulk Insulation, Polyester Solutions, Polyester, Batt, Bulk, Floor, Wall, Acoustic, HD"
,,Polyester Solutions,Polyester,Acoustic Floor & Wall Batt,Bulk Insulation,R2.0,90,1170,580,5.43,m²,Bag,,8,,,20,9.09,49.35,,,15,16,,,,Acoustic,"Bulk Insulation, Polyester Solutions, Polyester, Batt, Bulk, Floor, Wall, Acoustic, HD"
,,Polyester Solutions,Polyester,Acoustic Floor & Wall Batt,Bulk Insulation,R1.5,75,1170,430,4.02,m²,Bag,,8,,,20,7.93,31.86,,,13.8,14.8,,,,Acoustic,"Bulk Insulation, Polyester Solutions, Polyester, Batt, Bulk, Floor, Wall, Acoustic, HD"
,,Polyester Solutions,Polyester,Acoustic Floor & Wall Batt,Bulk Insulation,R1.5,75,1170,580,5.43,m²,Bag,,8,,,20,7.92,42.98,,,13.8,14.8,,,,Acoustic,"Bulk Insulation, Polyester Solutions, Polyester, Batt, Bulk, Floor, Wall, Acoustic, HD"
,,Polyester Solutions,Polyester,Thermal Wall Batt,Bulk Insulation,R2.0,90,1170,430,6.04,m²,Bag,,12,,,,4.88,29.5,,,10.8,11.8,,,,12 pcs/pack,"Bulk Insulation, Polyester Solutions, Polyester, Bulk, Floor, Subfloor, Underfloor, Retrofit"
,,Polyester Solutions,Polyester,Thermal Wall Batt,Bulk Insulation,R2.0,90,1170,580,8.14,m²,Bag,,12,,,,4.89,39.77,,,10.8,11.8,,,,12 pcs/pack,"Bulk Insulation, Polyester Solutions, Polyester, Bulk, Floor, Subfloor, Underfloor, Retrofit"
,,Polyester Solutions,Polyester,Thermal Wall Batt,Bulk Insulation,R1.5,90,1170,430,8.05,m²,Bag,,16,,,,3.66,29.5,,,9.5,10.5,,,,16 pcs/pack,"Bulk Insulation, Polyester Solutions, Polyester, Bulk, Floor, Subfloor, Underfloor, Retrofit"
,,Polyester Solutions,Polyester,Thermal Wall Batt,Bulk Insulation,R1.5,90,1170,580,10.86,m²,Bag,,16,,,,3.66,39.8,,,9.5,10.5,,,,16 pcs/pack,"Bulk Insulation, Polyester Solutions, Polyester, Bulk, Floor,"
,,Knauf Gypsum,James Hardie,Hardiefire 80kg/m²,Fire Protection,R2.5,85,1160,420,2.44,m²,Bag,,5,,,80,48,116.93,,170,78.5,80.5,,,,,"Bulk Insulation, Fire, Fireproof, Fire Protection, James Hardie, Hardiefire"
,,Bowens,James Hardie,Hardiefire 80kg/m²,Fire Protection,R2.5,85,1160,560,3.24,m²,Bag,,5,,,80,57.52,186.36,,270,78.5,80.5,,,,,"Bulk Insulation, Fire, Fireproof, Fire Protection, James Hardie, Hardiefire"
,,Knauf Gypsum,James Hardie,Hardiefire 80kg/m²,Fire Protection,R1.7,60,1160,420,3.4,m²,Bag,,7,,,80,38.5,131.3,,190,62.5,64.5,,,,,"Bulk Insulation, Fire, Fireproof, Fire Protection, James Hardie, Hardiefire"
,,Knauf Gypsum,James Hardie,Hardiefire 80kg/m²,Fire Protection,R1.7,60,1160,560,4.55,m²,Bag,,7,,,80,38.5,175.07,,254,62.5,64.5,,,,,"Bulk Insulation, Fire, Fireproof, Fire Protection, James Hardie, Hardiefire"
,,TradeArk,Rockwool,Rockwool Slab,Fire Protection,,100,1200,600,2.88,m²,Bag,,4,,,60,58.18,167.56,,,,,,,,,"Bulk Insulation, Fire, Fireproof, Fire Protection, James Hardie, Hardiefire"
,,TradeArk,Rockwool,Rockwool Slab,Fire Protection,,75,1200,600,3.6,m²,Bag,,5,,,60,42.72,153.79,,,,,,,,,"Bulk Insulation, Fire, Fireproof, Fire Protection, Rockwool, Rockwool Slab"
,,TradeArk,Rockwool,Rockwool Slab,Fire Protection,,75,1200,600,2.88,m²,Bag,,4,,,80,47.07,135.56,,197,73,75,,,,,"Bulk Insulation, Fire, Fireproof, Fire Protection, Rockwool, Rockwool Slab"
,,TradeArk,Rockwool,Rockwool Slab,Fire Protection,,50,1200,600,2.88,m²,Bag,,4,,,60,29.1,83.81,,,,,,,,,"Bulk Insulation, Fire, Fireproof, Fire Protection, Rockwool, Rockwool Slab"
,,TradeArk,Rockwool,Rockwool Slab,Fire Protection,,50,1200,600,4.32,m²,Bag,,6,,,80,32.01,138.28,,201,57,59,,,,,"Bulk Insulation, Fire, Fireproof, Fire Protection, Rockwool, Rockwool Slab"
,,TradeArk,Rockwool,Rockwool Slab,Fire Protection,,50,1200,600,4.32,m²,Bag,,6,,,100,34.89,150.72,,,,,,,,,"Bulk Insulation, Fire, Fireproof, Fire Protection, Rockwool, Rockwool Slab"
,,TradeArk,Rockwool,Rockwool Slab,Fire Protection,,40,1200,600,7.2,m²,Bag,,10,,,60,26.13,188.14,,,,,,,,,"Bulk Insulation, Fire, Fireproof, Fire Protection, Rockwool, Rockwool Slab"
,,TradeArk,Rockwool,Rockwool Slab,Fire Protection,,25,1200,600,8.64,m²,Bag,,12,,,100,17.46,150.85,,,,,,,,,"Bulk Insulation, Fire, Fireproof, Fire Protection, Rockwool, Rockwool Slab"
,,Polyester Solutions,Polyester,Floor Block,Subfloor,R4.0,200,6000,450,2.7,m²,Bag,,2,,5.4,,11.75,63.45,,94,,,,26.5,33,"Roll, 2 pcs/pack","Polyester Solutions, Polyester, Bulk, Floor, Subfloor, Underfloor, Retrofit"
,,Polyester Solutions,Polyester,Floor Block,Subfloor,R3.0,140,8000,450,3.6,m²,Bag,,2,,7.2,,6.94,49.96,,74,,,,22,29,"Roll, 2 pcs/pack","Polyester Solutions, Polyester, Bulk, Floor, Subfloor, Underfloor, Retrofit"
,,Polyester Solutions,Polyester,Floor Block,Subfloor,R2.5,120,8000,450,3.6,m²,Bag,,2,,7.2,,6.44,46.37,,67.5,,,,20,28,"Roll, 2 pcs/pack","Polyester Solutions, Polyester, Bulk, Floor, Subfloor, Underfloor, Retrofit"
,,Polyester Solutions,Polyester,Floor Block,Subfloor,R2.0,90,10000,450,4.5,m²,Bag,,2,,9,,5.07,45.67,,65,,,,18,26,"Roll, 2 pcs/pack","Polyester Solutions, Polyester, Bulk, Floor, Subfloor, Underfloor, Retrofit"
,,Polyester Solutions,Polyester,Floor Block,Subfloor,R1.5,90,10000,450,4.5,m²,Bag,,2,,9,,3.74,33.63,,49,,,,16.5,24,"Roll, 2 pcs/pack","Polyester Solutions, Polyester, Bulk, Floor, Subfloor, Underfloor, Retrofit"
,,Acoustica,Acoustica,GreenLag,Acoustic Pipe Lagging,,,3000,1300,8,LM,Roll,Pallet,,30,240,,9.41,75.27,2258.1,140,45,45,,,,,"GreenLag, Acoustic Lagging, Acoustic Lag, Pipe Lag, Pipe Lagging, Lagging"
,,RM Industries,Thermotec,Thermotec,Acoustic Pipe Lagging,,,3000,1350,8.5,LM,Roll,Pallet,,30,255,,12.89,109.55,3286.5,200,45,45,,,,,"Thermotec, Acoustic Lagging, Acoustic Lag, Pipe Lag, Pipe Lagging, Lagging"
,,RM Industries,Ametalin,Brane VHP,Wall Wrap,,,30000,1500,45,m²,Roll,Pallet,,80,3600,,1.298888889,58.45,4676,85,5.5,8,,,,,"Wall Wrap, Wrap, Brane, Membrane, VHP"
,,RM Industries,Ametalin,Brane Vapourtech,Wall Wrap,,,30000,1500,45,m²,Roll,Pallet,,80,3600,,1.503333333,67.65,5412,,6,8.5,,,,,"Wall Wrap, Wrap, Vapourtech, Membrane"
,,RM Industries,Ametalin,Ametalin Quick Tape,Consumables,,,50000,48,50,m,Roll,Box,,24,1200,,0.299,14.95,358.8,,,,,,,,"Wall Wrap, Wrap, Brane, Membrane, VHP"
,,RM Industries,Ametalin,Reinforced Silver Tape,Consumables,,,30000,48,50,m,Roll,Box,,24,800,,0.235,11.75,188,,,,,,,,"Wall Wrap, Wrap, Membrane, Tape"
,,RM Industries,Ametalin,Reinforced Silver Tape,Consumables,,,30000,72,50,m,Roll,Box,,16,800,,0.376,18.8,300.8,,,,,,,,"Wall Wrap, Wrap, Membrane, Tape"
,,RM Industries,RM Industries,Dampcourse ,Consumables,,,30000,300,30,m,Roll,Box,,6,180,,0.4483333333,13.45,80.7,25,,,,,,,"Wall Wrap, Wrap, Brane, Membrane, VHP, Dampcourse, Flashing"
,,RM Industries,RM Industries,Dampcourse ,Consumables,,,30000,380,30,m,Roll,Box,,4,120,,0.5616666667,16.85,67.4,30,,,,,,,"Wall Wrap, Wrap, Brane, Membrane, VHP, Dampcourse, Flashing"
,,RM Industries,RM Industries,Dampcourse ,Consumables,,,30000,450,30,m,Roll,Box,,4,120,,0.68,20.4,81.6,35,,,,,,,"Wall Wrap, Wrap, Brane, Membrane, VHP, Dampcourse, Flashing"
,,RM Industries,Stinger,Staples 3/8'',Consumables,,,,,,,Box,Master Carton,5000,20,100000,,0.00103,5.15,103,,,,,,,,"Wall Wrap, Wrap, Brane, Membrane, VHP, Flashing, Strap, Strapping, Subfloor"
,,WP Supplies,PPC,Reinforced Silver Tape (493),Consumables,,,30000,48,50,m,Roll,Box,,24,1200,,0.219,10.95,262.8,,,,,,,,"Wall Wrap, Wrap, Membrane, Tape, Lagging, Lag"
,,WP Supplies,PPC,Reinforced Silver Tape (493),Consumables,,,30000,72,50,m,Roll,Box,,16,800,,0.316,15.8,252.8,,,,,,,,"Wall Wrap, Wrap, Membrane, Tape, Lagging, Lag"
,,WP Supplies,PPC,Reinforced Silver Tape (499),Consumables,,,30000,48,50,m,Roll,Box,,24,1200,,0.13,6.5,156,,,,,,,,"Wall Wrap, Wrap, Membrane, Tape, Lagging, Lag"
,,WP Supplies,PPC,Reinforced Silver Tape (499),Consumables,,,30000,72,50,m,Roll,Box,,16,800,,0.199,9.95,159.2,,,,,,,,"Wall Wrap, Wrap, Membrane, Tape, Lagging, Lag"
,,WP Supplies,PPC,Reinforced Silver Tape (499),Consumables,,,30000,96,50,m,Roll,Box,,12,600,,0.265,13.25,159,,,,,,,,"Wall Wrap, Wrap, Membrane, Tape, Lagging, Lag"
,,WP Supplies,PPC,Reinforced Silver Tape (939),Consumables,,,30000,72,50,m,Roll,Box,,16,800,,0.2778,13.89,222.24,,,,,,,,"Wall Wrap, Wrap, Membrane, Tape, Lagging, Lag"
,,WP Supplies,PPC,Reinforced Silver Tape (939),Consumables,,,30000,96,50,m,Roll,Box,,12,600,,0.353,17.65,211.8,,,,,,,,"Wall Wrap, Wrap, Membrane, Tape, Lagging, Lag"
,,WP Supplies,WP Supplies,Dampcourse ,Consumables,,,30000,300,30,m,Roll,Box,,6,180,,0.3916666667,11.75,70.5,25,,,,,,,"Wall Wrap, Wrap, Brane, Membrane, VHP, Dampcourse, Flashing"
,,WP Supplies,WP Supplies,Dampcourse ,Consumables,,,30000,380,30,m,Roll,Box,,4,120,,0.51,15.3,61.2,30,,,,,,,"Wall Wrap, Wrap, Brane, Membrane, VHP, Dampcourse, Flashing"
,,WP Supplies,WP Supplies,Dampcourse ,Consumables,,,30000,450,30,m,Roll,Box,,4,120,,0.6,18,72,35,,,,,,,"Wall Wrap, Wrap, Brane, Membrane, VHP, Dampcourse, Flashing"
,,WP Supplies,WP Supplies,Strapping,Consumables,,,1000000,12,1000,m,Box,,,,,,0.01825,18.25,,30,,,,,,,"Strap, Strapping, Subfloor"
,,WP Supplies,WP Supplies,Strapping,Consumables,,,1000000,15,1000,m,Box,,,,,,0.01995,19.95,,35,,,,,,,"Strap, Strapping, Subfloor"
,,Precision Panels,Kingspan,Kooltherm K10 G2,Rigid Wall/Soffit,R4.6,100,2400,1200,2.88,m²,Panel,Pack,,3,8.64,,62.78,180.81,542.43,299,133,133,,,,,"Kooltherm, Kingspan, K10 G2, K10, Rigid Wall, Panel, Soffit, Board, Sheet"
,,Precision Panels,Kingspan,Kooltherm K10 G2,Rigid Wall/Soffit,R4.1,90,2400,1200,2.88,m²,Panel,Pack,,3,8.64,,55.32,159.32,477.96,263,115,115,,,,,"Kooltherm, Kingspan, K10 G2, K10, Rigid Wall, Panel, Soffit, Board, Sheet"
,,Precision Panels,Kingspan,Kooltherm K10 G2,Rigid Wall/Soffit,R3.65,80,2400,1200,2.88,m²,Panel,Pack,,4,11.52,,49.37,142.19,568.76,235,102,102,,,,,"Kooltherm, Kingspan, K10 G2, K10, Rigid Wall, Panel, Soffit, Board, Sheet"
,,Precision Panels,Kingspan,Kooltherm K10 G2,Rigid Wall/Soffit,R3.2,70,2400,1200,2.88,m²,Panel,Pack,,4,11.52,,42.34,121.95,487.81,202,90,90,,,,,"Kooltherm, Kingspan, K10 G2, K10, Rigid Wall, Panel, Soffit, Board, Sheet"
,,Precision Panels,Kingspan,Kooltherm K10 G2,Rigid Wall/Soffit,R2.75,60,2400,1200,2.88,m²,Panel,Pack,,5,14.4,,37.73,108.65,543.25,180,83,83,,,,,"Kooltherm, Kingspan, K10 G2, K10, Rigid Wall, Panel, Soffit, Board, Sheet"
,,Precision Panels,Kingspan,Kooltherm K10 G2,Rigid Wall/Soffit,R2.3,50,2400,1200,2.88,m²,Panel,Pack,,6,17.28,,34.15,98.36,590.16,163,76,76,,,,,"Kooltherm, Kingspan, K10 G2, K10, Rigid Wall, Panel, Soffit, Board, Sheet"
,,Precision Panels,Kingspan,Kooltherm K10 G2,Rigid Wall/Soffit,R2.05,45,2400,1200,2.88,m²,Panel,Pack,,7,20.16,,30.62,86.64,606.47,143,70,70,,,,,"Kooltherm, Kingspan, K10 G2, K10, Rigid Wall, Panel, Soffit, Board, Sheet"
,,Precision Panels,Kingspan,Kooltherm K10 G2,Rigid Wall/Soffit,R1.75,40,2400,1200,2.88,m²,Panel,Pack,,8,23.04,,28.49,82.05,656.36,136,65,65,,,,,"Kooltherm, Kingspan, K10 G2, K10, Rigid Wall, Panel, Soffit, Board, Sheet"
,,Precision Panels,Kingspan,Kooltherm K10 G2,Rigid Wall/Soffit,R1.3,30,2400,1200,2.88,m²,Panel,Pack,,10,28.8,,24.13,69.5,694.95,115,59,59,,,,,"Kooltherm, Kingspan, K10 G2, K10, Rigid Wall, Panel, Soffit, Board, Sheet"
,,Precision Panels,Kingspan,Kooltherm K10 G2,Rigid Wall/Soffit,R1.1,25,2400,1200,2.88,m²,Panel,Pack,,12,34.56,,21.74,62.62,751.49,104,56,56,,,,,"Kooltherm, Kingspan, K10 G2, K10, Rigid Wall, Panel, Soffit, Board, Sheet"
,,Precision Panels,Kingspan,Kooltherm K12,Rigid Wall/Soffit,R3.65,80,2400,1200,2.88,m²,Panel,Pack,,4,11.52,,42.99,123.81,495.25,205,87,87,,,,,"Kooltherm, Kingspan, K12, Rigid Wall, Panel, Soffit, Board, Sheet"
,,Precision Panels,Kingspan,Kooltherm K12,Rigid Wall/Soffit,R3.2,70,2400,1200,2.88,m²,Panel,Pack,,4,11.52,,39.37,113.39,453.55,188,81,81,,,,,"Kooltherm, Kingspan, K12, Rigid Wall, Panel, Soffit, Board, Sheet"
,,Precision Panels,Kingspan,Kooltherm K12,Rigid Wall/Soffit,R2.75,60,2400,1200,2.88,m²,Panel,Pack,,5,14.4,,34.69,99.9,499.49,165,72,72,,,,,"Kooltherm, Kingspan, K12, Rigid Wall, Panel, Soffit, Board, Sheet"
,,Precision Panels,Kingspan,Kooltherm K12,Rigid Wall/Soffit,R2.3,50,2400,1200,2.88,m²,Panel,Pack,,6,17.28,,29.44,84.78,508.65,140,65,65,,,,,"Kooltherm, Kingspan, K12, Rigid Wall, Panel, Soffit, Board, Sheet"
,,Precision Panels,Kingspan,Kooltherm K12,Rigid Wall/Soffit,R2.05,45,2400,1200,2.88,m²,Panel,Pack,,7,20.16,,27.51,79.22,554.55,131,63,63,,,,,"Kooltherm, Kingspan, K12, Rigid Wall, Panel, Soffit, Board, Sheet"
,,Precision Panels,Kingspan,Kooltherm K12,Rigid Wall/Soffit,R1.75,40,2400,1200,2.88,m²,Panel,Pack,,8,23.04,,24.7,71.13,569.02,118,58,58,,,,,"Kooltherm, Kingspan, K12, Rigid Wall, Panel, Soffit, Board, Sheet"
,,Precision Panels,Kingspan,Kooltherm K12,Rigid Wall/Soffit,R1.3,30,2400,1200,2.88,m²,Panel,Pack,,10,28.8,,22.31,64.26,642.55,107,55,55,,,,,"Kooltherm, Kingspan, K12, Rigid Wall, Panel, Soffit, Board, Sheet"
,,Precision Panels,Kingspan,Kooltherm K12,Rigid Wall/Soffit,R1.1,25,2400,1200,2.88,m²,Panel,Pack,,12,34.56,,20.19,58.14,697.65,96,53,53,,,,,"Kooltherm, Kingspan, K12, Rigid Wall, Panel, Soffit, Board, Sheet"
,,RM Industries,Metecno,MetecnoTherm,Rigid Wall/Soffit,R4.3,100,2400,1200,2.88,m²,Panel,Pack,,11,31.68,,38.75,111.6,1227.6,,110,110,,,,,"MetecnoTherm, Metecno, Rigid Wall, Panel, Soffit, Board, Sheet"
,,RM Industries,Metecno,MetecnoTherm,Rigid Wall/Soffit,R3.85,90,2400,1200,2.88,m²,Panel,Pack,,12,34.56,,36.9,106.27,1275.26,,90,90,,,,,"MetecnoTherm, Metecno, Rigid Wall, Panel, Soffit, Board, Sheet"
,,RM Industries,Metecno,MetecnoTherm,Rigid Wall/Soffit,R3.4,80,2400,1200,2.88,m²,Panel,Pack,,14,40.32,,33.15,95.47,1336.61,,85,85,,,,,"MetecnoTherm, Metecno, Rigid Wall, Panel, Soffit, Board, Sheet"
,,RM Industries,Metecno,MetecnoTherm,Rigid Wall/Soffit,R3.2,75,2400,1200,2.88,m²,Panel,Pack,,15,43.2,,31.85,91.73,1375.92,,80,80,,,,,"MetecnoTherm, Metecno, Rigid Wall, Panel, Soffit, Board, Sheet"
,,RM Industries,Metecno,MetecnoTherm,Rigid Wall/Soffit,R3.0,70,2400,1200,2.88,m²,Panel,Pack,,16,46.08,,30,86.4,1382.4,,75,75,,,,,"MetecnoTherm, Metecno, Rigid Wall, Panel, Soffit, Board, Sheet"
,,RM Industries,Metecno,MetecnoTherm,Rigid Wall/Soffit,R2.55,60,2400,1200,2.88,m²,Panel,Pack,,18,51.84,,27.5,79.2,1425.6,,70,70,,,,,"MetecnoTherm, Metecno, Rigid Wall, Panel, Soffit, Board, Sheet"
,,RM Industries,Metecno,MetecnoTherm,Rigid Wall/Soffit,R2.15,50,2400,1200,2.88,m²,Panel,Pack,,22,63.36,,24.4,70.27,1545.98,,65,65,,,,,"MetecnoTherm, Metecno, Rigid Wall, Panel, Soffit, Board, Sheet"
,,RM Industries,Metecno,MetecnoTherm,Rigid Wall/Soffit,R1.7,40,2400,1200,2.88,m²,Panel,Pack,,27,77.76,,22.95,66.1,1784.59,,60,60,,,,,"MetecnoTherm, Metecno, Rigid Wall, Panel, Soffit, Board, Sheet"
,,RM Industries,Metecno,MetecnoTherm,Rigid Wall/Soffit,R1.3,30,2400,1200,2.88,m²,Panel,Pack,,37,106.56,,22.55,64.94,2402.93,,59,59,,,,,"MetecnoTherm, Metecno, Rigid Wall, Panel, Soffit, Board, Sheet"
,,RM Industries,Metecno,MetecnoTherm,Rigid Wall/Soffit,R1.05,25,2400,1200,2.88,m²,Panel,Pack,,44,126.72,,20.6,59.33,2610.43,,56,56,,,,,"MetecnoTherm, Metecno, Rigid Wall, Panel, Soffit, Board, Sheet"
,,Thermostruct,Kingspan,Kooltherm K3,XPS,R2.3,50,2400,1200,2.88,m²,Panel,Pack,,6,17.28,,26.91,77.51,465.03,110,,,,,,,"Kooltherm, Kingspan, K3, Panel, Board, Sheet, XPS"
,,Thermostruct,Kingspan,Kooltherm K3,XPS,R1.1,25,2400,1200,2.88,m²,Panel,Pack,,12,34.56,,18.85,54.3,651.62,80,,,,,,,"Kooltherm, Kingspan, K3, Panel, Board, Sheet, XPS"
,,Thermostruct,ISOMAX,ISOMAX X300,XPS,R3.0,100,2400,600,1.44,m²,Panel,Pack,,3,4.32,,39.69,57.16,171.48,82,,,,,,,"ISOMAX, ISOMAX X300, Panel, Board, Sheet, XPS"
,,Thermostruct,ISOMAX,ISOMAX X300,XPS,R2.7,90,2400,600,1.44,m²,Panel,Pack,,3,4.32,,36.04,51.9,155.7,74,,,,,,,"ISOMAX, ISOMAX X300, Panel, Board, Sheet, XPS"
,,Thermostruct,ISOMAX,ISOMAX X300,XPS,R2.4,80,2400,600,1.44,m²,Panel,Pack,,3,4.32,,32.38,46.63,139.89,67,,,,,,,"ISOMAX, ISOMAX X300, Panel, Board, Sheet, XPS"
,,Thermostruct,ISOMAX,ISOMAX X300,XPS,R2.1,70,2400,600,1.44,m²,Panel,Pack,,4,5.76,,28.72,41.36,165.44,60,,,,,,,"ISOMAX, ISOMAX X300, Panel, Board, Sheet, XPS"
,,Thermostruct,ISOMAX,ISOMAX X300,XPS,R1.8,60,2400,600,1.44,m²,Panel,Pack,,4,5.76,,25.07,36.1,144.4,52,,,,,,,"ISOMAX, ISOMAX X300, Panel, Board, Sheet, XPS"
,,Thermostruct,ISOMAX,ISOMAX X300,XPS,R1.5,50,2400,600,1.44,m²,Panel,Pack,,5,7.2,,18.28,26.33,131.65,43,,,,,,,"ISOMAX, ISOMAX X300, Panel, Board, Sheet, XPS"
,,Thermostruct,ISOMAX,ISOMAX X300,XPS,R1.2,40,2400,600,1.44,m²,Panel,Pack,,6,8.64,,14.63,21.06,126.36,33,,,,,,,"ISOMAX, ISOMAX X300, Panel, Board, Sheet, XPS"
,,Thermostruct,ISOMAX,ISOMAX X300,XPS,R0.9,30,2400,600,1.44,m²,Panel,Pack,,7,10.08,,10.97,15.8,110.6,25,,,,,,,"ISOMAX, ISOMAX X300, Panel, Board, Sheet, XPS"
,,Thermostruct,Foamex,Sytroboard,XPS,R2.15,75,2400,600,1.44,m²,Panel,Pack,,6,8.64,,32.35,46.58,279.48,,,,,,,,"Foamex, Styroboard, Panel, Board, Sheet, XPS"
,,Thermostruct,Foamex,Sytroboard,XPS,R1.82,60,2400,600,1.44,m²,Panel,Pack,,7,10.08,,25.88,37.26,260.82,,,,,,,,"Foamex, Styroboard, Panel, Board, Sheet, XPS"
,,Thermostruct,Foamex,Sytroboard,XPS,R1.55,50,2400,600,1.44,m²,Panel,Pack,,8,11.52,,21.56,31.05,248.4,,,,,,,,"Foamex, Styroboard, Panel, Board, Sheet, XPS"
,,Thermostruct,Foamex,Sytroboard,XPS,R1.29,40,2400,600,1.44,m²,Panel,Pack,,11,15.84,,17.25,24.84,273.24,,,,,,,,"Foamex, Styroboard, Panel, Board, Sheet, XPS"
,,Thermostruct,Foamex,Sytroboard,XPS,R0.94,30,2400,600,1.44,m²,Panel,Pack,,14,20.16,,12.94,18.63,260.82,,,,,,,,"Foamex, Styroboard, Panel, Board, Sheet, XPS"
,,Thermostruct,Foamex,Sytroboard,XPS,R0.81,25,2400,600,1.44,m²,Panel,Pack,,17,24.48,,10.78,15.53,264.01,,,,,,,,"Foamex, Styroboard, Panel, Board, Sheet, XPS"